<?xml version="1.0" encoding="UTF-8"?>
<metadata xml:lang="en"><Esri><CreaDate>20200508</CreaDate><CreaTime>11120900</CreaTime><SyncOnce>FALSE</SyncOnce><SyncDate>20160808</SyncDate><SyncTime>09430500</SyncTime><ModDate>20160808</ModDate><ModTime>09430500</ModTime><DataProperties><lineage><Process ToolSource="c:\program files (x86)\arcgis\desktop10.2\ArcToolbox\Toolboxes\Data Management Tools.tbx\CalculateField" Date="20141215" Time="114713">CalculateField "OSE Surface Water Gages" SW_or_GW "SW" VB #</Process><Process ToolSource="c:\program files (x86)\arcgis\desktop10.3\ArcToolbox\Toolboxes\Conversion Tools.tbx\FeatureClassToFeatureClass" Date="20160808" Time="094306">FeatureClassToFeatureClass I:\NHD\NHD\new_ose_gages\GPS_Meters_Gauges.shp "I:\Dyer\NM Gage Data\GageData.gdb" new_2015_ose_gages # "OBJECTID "OBJECTID" true true false 9 Long 0 9 ,First,#,I:\NHD\NHD\new_ose_gages\GPS_Meters_Gauges.shp,OBJECTID,-1,-1;Op_Initial "Op_Initial" true true false 3 Text 0 0 ,First,#,I:\NHD\NHD\new_ose_gages\GPS_Meters_Gauges.shp,Op_Initial,-1,-1;OSE_File "OSE_File" true true false 20 Text 0 0 ,First,#,I:\NHD\NHD\new_ose_gages\GPS_Meters_Gauges.shp,OSE_File,-1,-1;POD_nbr "POD_nbr" true true false 20 Text 0 0 ,First,#,I:\NHD\NHD\new_ose_gages\GPS_Meters_Gauges.shp,POD_nbr,-1,-1;Ditch_Name "Ditch_Name" true true false 100 Text 0 0 ,First,#,I:\NHD\NHD\new_ose_gages\GPS_Meters_Gauges.shp,Ditch_Name,-1,-1;River_src "River_src" true true false 50 Text 0 0 ,First,#,I:\NHD\NHD\new_ose_gages\GPS_Meters_Gauges.shp,River_src,-1,-1;Field_ID "Field_ID" true true false 25 Text 0 0 ,First,#,I:\NHD\NHD\new_ose_gages\GPS_Meters_Gauges.shp,Field_ID,-1,-1;Photo_ID "Photo_ID" true true false 15 Text 0 0 ,First,#,I:\NHD\NHD\new_ose_gages\GPS_Meters_Gauges.shp,Photo_ID,-1,-1;Comments "Comments" true true false 250 Text 0 0 ,First,#,I:\NHD\NHD\new_ose_gages\GPS_Meters_Gauges.shp,Comments,-1,-1;Northing "Northing" true true false 19 Double 0 0 ,First,#,I:\NHD\NHD\new_ose_gages\GPS_Meters_Gauges.shp,Northing,-1,-1;Easting "Easting" true true false 19 Double 0 0 ,First,#,I:\NHD\NHD\new_ose_gages\GPS_Meters_Gauges.shp,Easting,-1,-1;Edit_Date "Edit_Date" true true false 10 Text 0 0 ,First,#,I:\NHD\NHD\new_ose_gages\GPS_Meters_Gauges.shp,Edit_Date,-1,-1;Photos "Photos" true true false 50 Text 0 0 ,First,#,I:\NHD\NHD\new_ose_gages\GPS_Meters_Gauges.shp,Photos,-1,-1;Weblink "Weblink" true true false 250 Text 0 0 ,First,#,I:\NHD\NHD\new_ose_gages\GPS_Meters_Gauges.shp,Weblink,-1,-1;Gauge_name "Gauge_name" true true false 50 Text 0 0 ,First,#,I:\NHD\NHD\new_ose_gages\GPS_Meters_Gauges.shp,Gauge_name,-1,-1;Basin "Basin" true true false 3 Text 0 0 ,First,#,I:\NHD\NHD\new_ose_gages\GPS_Meters_Gauges.shp,Basin,-1,-1;Number_ "Number_" true true false 5 Text 0 0 ,First,#,I:\NHD\NHD\new_ose_gages\GPS_Meters_Gauges.shp,Number_,-1,-1;Suffix "Suffix" true true false 5 Text 0 0 ,First,#,I:\NHD\NHD\new_ose_gages\GPS_Meters_Gauges.shp,Suffix,-1,-1;Meter_type "Meter_type" true true false 50 Text 0 0 ,First,#,I:\NHD\NHD\new_ose_gages\GPS_Meters_Gauges.shp,Meter_type,-1,-1;Meter_stat "Meter_stat" true true false 50 Text 0 0 ,First,#,I:\NHD\NHD\new_ose_gages\GPS_Meters_Gauges.shp,Meter_stat,-1,-1;Percent_pr "Percent_pr" true true false 4 Short 0 4 ,First,#,I:\NHD\NHD\new_ose_gages\GPS_Meters_Gauges.shp,Percent_pr,-1,-1;Jurisdicti "Jurisdicti" true true false 50 Text 0 0 ,First,#,I:\NHD\NHD\new_ose_gages\GPS_Meters_Gauges.shp,Jurisdicti,-1,-1;Latitude "Latitude" true true false 50 Text 0 0 ,First,#,I:\NHD\NHD\new_ose_gages\GPS_Meters_Gauges.shp,Latitude,-1,-1;Longitude "Longitude" true true false 50 Text 0 0 ,First,#,I:\NHD\NHD\new_ose_gages\GPS_Meters_Gauges.shp,Longitude,-1,-1;lat_ddd "lat_ddd" true true false 19 Double 0 0 ,First,#,I:\NHD\NHD\new_ose_gages\GPS_Meters_Gauges.shp,lat_ddd,-1,-1;long_ddd "long_ddd" true true false 19 Double 0 0 ,First,#,I:\NHD\NHD\new_ose_gages\GPS_Meters_Gauges.shp,long_ddd,-1,-1;SW_or_GW "SW_or_GW" true true false 50 Text 0 0 ,First,#,I:\NHD\NHD\new_ose_gages\GPS_Meters_Gauges.shp,SW_or_GW,-1,-1" #</Process></lineage><itemProps><itemName Sync="TRUE">new_2015_ose_gages</itemName><imsContentType Sync="TRUE">002</imsContentType><itemLocation><linkage Sync="TRUE">file://\\prosperon\gis\Dyer\NM Gage Data\GageData.gdb</linkage><protocol Sync="TRUE">Local Area Network</protocol></itemLocation></itemProps><coordRef><type Sync="TRUE">Projected</type><geogcsn Sync="TRUE">GCS_North_American_1983</geogcsn><csUnits Sync="TRUE">Linear Unit: Meter (1.000000)</csUnits><projcsn Sync="TRUE">NAD_1983_UTM_Zone_13N</projcsn><peXml Sync="TRUE">&lt;ProjectedCoordinateSystem xsi:type='typens:ProjectedCoordinateSystem' xmlns:xsi='http://www.w3.org/2001/XMLSchema-instance' xmlns:xs='http://www.w3.org/2001/XMLSchema' xmlns:typens='http://www.esri.com/schemas/ArcGIS/10.3'&gt;&lt;WKT&gt;PROJCS[&amp;quot;NAD_1983_UTM_Zone_13N&amp;quot;,GEOGCS[&amp;quot;GCS_North_American_1983&amp;quot;,DATUM[&amp;quot;D_North_American_1983&amp;quot;,SPHEROID[&amp;quot;GRS_1980&amp;quot;,6378137.0,298.257222101]],PRIMEM[&amp;quot;Greenwich&amp;quot;,0.0],UNIT[&amp;quot;Degree&amp;quot;,0.0174532925199433]],PROJECTION[&amp;quot;Transverse_Mercator&amp;quot;],PARAMETER[&amp;quot;False_Easting&amp;quot;,500000.0],PARAMETER[&amp;quot;False_Northing&amp;quot;,0.0],PARAMETER[&amp;quot;Central_Meridian&amp;quot;,-105.0],PARAMETER[&amp;quot;Scale_Factor&amp;quot;,0.9996],PARAMETER[&amp;quot;Latitude_Of_Origin&amp;quot;,0.0],UNIT[&amp;quot;Meter&amp;quot;,1.0],AUTHORITY[&amp;quot;EPSG&amp;quot;,26913]]&lt;/WKT&gt;&lt;XOrigin&gt;-5120900&lt;/XOrigin&gt;&lt;YOrigin&gt;-9998100&lt;/YOrigin&gt;&lt;XYScale&gt;10000&lt;/XYScale&gt;&lt;ZOrigin&gt;-100000&lt;/ZOrigin&gt;&lt;ZScale&gt;10000&lt;/ZScale&gt;&lt;MOrigin&gt;-100000&lt;/MOrigin&gt;&lt;MScale&gt;10000&lt;/MScale&gt;&lt;XYTolerance&gt;0.001&lt;/XYTolerance&gt;&lt;ZTolerance&gt;0.001&lt;/ZTolerance&gt;&lt;MTolerance&gt;0.001&lt;/MTolerance&gt;&lt;HighPrecision&gt;true&lt;/HighPrecision&gt;&lt;WKID&gt;26913&lt;/WKID&gt;&lt;LatestWKID&gt;26913&lt;/LatestWKID&gt;&lt;/ProjectedCoordinateSystem&gt;</peXml></coordRef></DataProperties><ArcGISFormat>1.0</ArcGISFormat><ArcGISstyle>FGDC CSDGM Metadata</ArcGISstyle></Esri><idinfo><native Sync="TRUE">Microsoft Windows XP Version 5.1 (Build 2600) Service Pack 2; ESRI ArcCatalog 9.2.4.1420</native><descript><langdata Sync="TRUE">en</langdata><abstract>Feature Class to capture Gauges and Meters under AWRM and other programs within the OSE - for example metering on the NPT. This layer does not include regular water well meters that may be required under a specific permit.
Note:  this feature class does not have an accompanying feature class elsewhere in this geodatabase (as does GPS POUs and POUs or GPS_PODS and PODs. )</abstract><purpose>REQUIRED: A summary of the intentions with which the data set was developed.</purpose></descript><citation><citeinfo><origin>REQUIRED: The name of an organization or individual that developed the data set.</origin><pubdate>REQUIRED: The date when the data set is published or otherwise made available for release.</pubdate><title Sync="TRUE">GPS_Meters_Gauges</title><ftname Sync="TRUE">GPS_Meters_Gauges</ftname><geoform Sync="TRUE">vector digital data</geoform><onlink Sync="TRUE">\\redorgreen\WRAP_Training\Training_GIS_GIT_GPS\OSE_personal_geodatabase2008\EmptyOPG_v3C_2008.mdb</onlink></citeinfo></citation><timeperd><current>REQUIRED: The basis on which the time period of content information is determined.</current><timeinfo><sngdate><caldate>REQUIRED: The year (and optionally month, or month and day) for which the data set corresponds to the ground.</caldate></sngdate></timeinfo></timeperd><status><progress>REQUIRED: The state of the data set.</progress><update>REQUIRED: The frequency with which changes and additions are made to the data set after the initial data set is completed.</update></status><spdom><bounding><westbc Sync="TRUE">-106.690296</westbc><eastbc Sync="TRUE">-105.932782</eastbc><northbc Sync="TRUE">35.684690</northbc><southbc Sync="TRUE">35.018928</southbc></bounding><lboundng><leftbc Sync="TRUE">347030.763015</leftbc><rightbc Sync="TRUE">414908.737784</rightbc><bottombc Sync="TRUE">3876426.721684</bottombc><topbc Sync="TRUE">3949384.209004</topbc></lboundng></spdom><keywords><theme><themekt>REQUIRED: Reference to a formally registered thesaurus or a similar authoritative source of theme keywords.</themekt><themekey>meter</themekey><themekey>gauge</themekey><themekey>gage</themekey><themekey>NPT</themekey><themekey>Gallinas</themekey><themekey>AWRM</themekey></theme></keywords><accconst>REQUIRED: Restrictions and legal prerequisites for accessing the data set.</accconst><useconst>REQUIRED: Restrictions and legal prerequisites for using the data set after access is granted.</useconst><natvform Sync="TRUE">Personal GeoDatabase Feature Class</natvform></idinfo><dataIdInfo><envirDesc Sync="TRUE">Microsoft Windows 7 Version 6.1 (Build 7601) Service Pack 1; Esri ArcGIS 10.3.0.4322</envirDesc><dataLang><languageCode Sync="TRUE" value="eng"></languageCode><countryCode value="USA" Sync="TRUE"></countryCode></dataLang><idCitation><resTitle Sync="TRUE">new_2015_ose_gages</resTitle><presForm><PresFormCd Sync="TRUE" value="005"></PresFormCd></presForm></idCitation><spatRpType><SpatRepTypCd Sync="TRUE" value="001"></SpatRepTypCd></spatRpType><dataExt><geoEle><GeoBndBox esriExtentType="native"><westBL Sync="TRUE">347030.763015</westBL><eastBL Sync="TRUE">414908.737784</eastBL><northBL Sync="TRUE">3949384.209004</northBL><southBL Sync="TRUE">3876426.721684</southBL><exTypeCode Sync="TRUE">1</exTypeCode></GeoBndBox></geoEle></dataExt><geoBox esriExtentType="decdegrees"><westBL Sync="TRUE">-106.690296</westBL><eastBL Sync="TRUE">-105.932782</eastBL><northBL Sync="TRUE">35.68469</northBL><southBL Sync="TRUE">35.018928</southBL><exTypeCode Sync="TRUE">1</exTypeCode></geoBox></dataIdInfo><metainfo><langmeta Sync="TRUE">en</langmeta><metstdn Sync="TRUE">FGDC Content Standards for Digital Geospatial Metadata</metstdn><metstdv Sync="TRUE">FGDC-STD-001-1998</metstdv><mettc Sync="TRUE">local time</mettc><metc><cntinfo><cntorgp><cntper>REQUIRED: The person responsible for the metadata information.</cntper><cntorg>REQUIRED: The organization responsible for the metadata information.</cntorg></cntorgp><cntaddr><addrtype>REQUIRED: The mailing and/or physical address for the organization or individual.</addrtype><city>REQUIRED: The city of the address.</city><state>REQUIRED: The state or province of the address.</state><postal>REQUIRED: The ZIP or other postal code of the address.</postal></cntaddr><cntvoice>REQUIRED: The telephone number by which individuals can speak to the organization or individual.</cntvoice></cntinfo></metc><metd Sync="TRUE">20081104</metd></metainfo><mdLang><languageCode Sync="TRUE" value="eng"></languageCode><countryCode value="USA" Sync="TRUE"></countryCode></mdLang><mdStanName Sync="TRUE">ISO 19115 Geographic Information - Metadata</mdStanName><mdStanVer Sync="TRUE">DIS_ESRI1.0</mdStanVer><mdChar><CharSetCd Sync="TRUE" value="004"></CharSetCd></mdChar><mdHrLv><ScopeCd Sync="TRUE" value="005"></ScopeCd></mdHrLv><mdHrLvName Sync="TRUE">dataset</mdHrLvName><distinfo><resdesc Sync="TRUE">Downloadable Data</resdesc></distinfo><distInfo><distributor><distorTran><onLineSrc><orDesc Sync="TRUE">002</orDesc><linkage Sync="TRUE">file://\\redorgreen\WRAP_Training\Training_GIS_GIT_GPS\OSE_personal_geodatabase2008\EmptyOPG_v3C_2008.mdb</linkage><protocol Sync="TRUE">Local Area Network</protocol></onLineSrc></distorTran><distorFormat><formatName Sync="TRUE">Personal GeoDatabase Feature Class</formatName></distorFormat></distributor><distFormat><formatName Sync="TRUE">File Geodatabase Feature Class</formatName></distFormat></distInfo><spdoinfo><direct Sync="TRUE">Vector</direct><ptvctinf><esriterm Name="new_2015_ose_gages"><efeatyp Sync="TRUE">Simple</efeatyp><efeageom code="1" Sync="TRUE"></efeageom><esritopo Sync="TRUE">FALSE</esritopo><efeacnt Sync="TRUE">0</efeacnt><spindex Sync="TRUE">TRUE</spindex><linrefer Sync="TRUE">FALSE</linrefer></esriterm></ptvctinf></spdoinfo><spref><horizsys><cordsysn><geogcsn Sync="TRUE">GCS_North_American_1983</geogcsn><projcsn Sync="TRUE">NAD_1983_UTM_Zone_13N</projcsn></cordsysn><planar><planci><plance Sync="TRUE">coordinate pair</plance><plandu Sync="TRUE">meters</plandu><coordrep><absres Sync="TRUE">0.000294</absres><ordres Sync="TRUE">0.000294</ordres></coordrep></planci></planar><geodetic><horizdn Sync="TRUE">North American Datum of 1983</horizdn><ellips Sync="TRUE">Geodetic Reference System 80</ellips><semiaxis Sync="TRUE">6378137.000000</semiaxis><denflat Sync="TRUE">298.257222</denflat></geodetic></horizsys><vertdef><altsys><altenc Sync="TRUE">Explicit elevation coordinate included with horizontal coordinates</altenc><altres Sync="TRUE">1.000000</altres></altsys></vertdef></spref><refSysInfo><RefSystem><refSysID><identCode Sync="TRUE" code="26913">NAD_1983_UTM_Zone_13N</identCode><idCodeSpace Sync="TRUE">EPSG</idCodeSpace><idVersion Sync="TRUE">8.2.6</idVersion></refSysID></RefSystem></refSysInfo><spatRepInfo><VectSpatRep><geometObjs Name="new_2015_ose_gages"><geoObjTyp><GeoObjTypCd value="004" Sync="TRUE"></GeoObjTypCd></geoObjTyp><geoObjCnt Sync="TRUE">0</geoObjCnt></geometObjs><topLvl><TopoLevCd value="001" Sync="TRUE"></TopoLevCd></topLvl></VectSpatRep></spatRepInfo><eainfo><detailed Name="new_2015_ose_gages"><enttyp><enttypl Sync="TRUE">new_2015_ose_gages</enttypl><enttypt Sync="TRUE">Feature Class</enttypt><enttypc Sync="TRUE">0</enttypc></enttyp><attr><attrlabl Sync="TRUE">OBJECTID_1</attrlabl><attalias Sync="TRUE">OBJECTID_1</attalias><attrtype Sync="TRUE">OID</attrtype><attwidth Sync="TRUE">4</attwidth><atprecis Sync="TRUE">0</atprecis><attscale Sync="TRUE">0</attscale><attrdef Sync="TRUE">Internal feature number.</attrdef><attrdefs Sync="TRUE">Esri</attrdefs><attrdomv><udom Sync="TRUE">Sequential unique whole numbers that are automatically generated.</udom></attrdomv></attr><attr><attrlabl Sync="TRUE">OBJECTID</attrlabl><attalias Sync="TRUE">OBJECTID</attalias><attrtype Sync="TRUE">Integer</attrtype><attwidth Sync="TRUE">4</attwidth><atprecis Sync="TRUE">0</atprecis><attscale Sync="TRUE">0</attscale><attrdef Sync="TRUE">Internal feature number.</attrdef><attrdefs Sync="TRUE">ESRI</attrdefs><attrdomv><udom Sync="TRUE">Sequential unique whole numbers that are automatically generated.</udom></attrdomv></attr><attr><attrlabl Sync="TRUE">SHAPE</attrlabl><attalias Sync="TRUE">Shape</attalias><attrtype Sync="TRUE">Geometry</attrtype><attwidth Sync="TRUE">0</attwidth><atprecis Sync="TRUE">0</atprecis><attscale Sync="TRUE">0</attscale><attrdef Sync="TRUE">Feature geometry.</attrdef><attrdefs Sync="TRUE">ESRI</attrdefs><attrdomv><udom Sync="TRUE">Coordinates defining the features.</udom></attrdomv></attr><attr><attrlabl Sync="TRUE">Op_Initial</attrlabl><attalias Sync="TRUE">Op_Initial</attalias><attrtype Sync="TRUE">String</attrtype><attwidth Sync="TRUE">3</attwidth><atprecis Sync="TRUE">0</atprecis><attscale Sync="TRUE">0</attscale></attr><attr><attrlabl Sync="TRUE">OSE_File</attrlabl><attalias Sync="TRUE">OSE_File</attalias><attrtype Sync="TRUE">String</attrtype><attwidth Sync="TRUE">20</attwidth><atprecis Sync="TRUE">0</atprecis><attscale Sync="TRUE">0</attscale></attr><attr><attrlabl Sync="TRUE">Field_ID</attrlabl><attalias Sync="TRUE">Field_ID</attalias><attrtype Sync="TRUE">String</attrtype><attwidth Sync="TRUE">25</attwidth><atprecis Sync="TRUE">0</atprecis><attscale Sync="TRUE">0</attscale></attr><attr><attrlabl Sync="TRUE">Photo_ID</attrlabl><attalias Sync="TRUE">Photo_ID</attalias><attrtype Sync="TRUE">String</attrtype><attwidth Sync="TRUE">15</attwidth><atprecis Sync="TRUE">0</atprecis><attscale Sync="TRUE">0</attscale></attr><attr><attrlabl Sync="TRUE">Comments</attrlabl><attalias Sync="TRUE">Comments</attalias><attrtype Sync="TRUE">String</attrtype><attwidth Sync="TRUE">250</attwidth><atprecis Sync="TRUE">0</atprecis><attscale Sync="TRUE">0</attscale></attr><attr><attrlabl Sync="TRUE">Ditch_Name</attrlabl><attalias Sync="TRUE">Ditch_Name</attalias><attrtype Sync="TRUE">String</attrtype><attwidth Sync="TRUE">100</attwidth><atprecis Sync="TRUE">0</atprecis><attscale Sync="TRUE">0</attscale></attr><attr><attrlabl Sync="TRUE">Northing</attrlabl><attalias Sync="TRUE">Northing</attalias><attrtype Sync="TRUE">Double</attrtype><attwidth Sync="TRUE">8</attwidth><atprecis Sync="TRUE">0</atprecis><attscale Sync="TRUE">0</attscale></attr><attr><attrlabl Sync="TRUE">Easting</attrlabl><attalias Sync="TRUE">Easting</attalias><attrtype Sync="TRUE">Double</attrtype><attwidth Sync="TRUE">8</attwidth><atprecis Sync="TRUE">0</atprecis><attscale Sync="TRUE">0</attscale></attr><attr><attrlabl Sync="TRUE">Edit_Date</attrlabl><attalias Sync="TRUE">Edit_Date</attalias><attrtype Sync="TRUE">String</attrtype><attwidth Sync="TRUE">10</attwidth><atprecis Sync="TRUE">0</atprecis><attscale Sync="TRUE">0</attscale></attr><attr><attrlabl Sync="TRUE">Photos</attrlabl><attalias Sync="TRUE">Photos</attalias><attrtype Sync="TRUE">String</attrtype><attwidth Sync="TRUE">50</attwidth><atprecis Sync="TRUE">0</atprecis><attscale Sync="TRUE">0</attscale></attr><attr><attrlabl Sync="TRUE">Weblink</attrlabl><attalias Sync="TRUE">Weblink</attalias><attrtype Sync="TRUE">String</attrtype><attwidth Sync="TRUE">250</attwidth><atprecis Sync="TRUE">0</atprecis><attscale Sync="TRUE">0</attscale></attr><attr><attrlabl Sync="TRUE">River_src</attrlabl><attalias Sync="TRUE">River_src</attalias><attrtype Sync="TRUE">String</attrtype><attwidth Sync="TRUE">50</attwidth><atprecis Sync="TRUE">0</atprecis><attscale Sync="TRUE">0</attscale></attr><attr><attrlabl Sync="TRUE">POD_nbr</attrlabl><attalias Sync="TRUE">POD_nbr</attalias><attrtype Sync="TRUE">String</attrtype><attwidth Sync="TRUE">20</attwidth><atprecis Sync="TRUE">0</atprecis><attscale Sync="TRUE">0</attscale></attr><attr><attrlabl Sync="TRUE">Gauge_name</attrlabl><attalias Sync="TRUE">Gauge_name</attalias><attrtype Sync="TRUE">String</attrtype><attwidth Sync="TRUE">50</attwidth><atprecis Sync="TRUE">0</atprecis><attscale Sync="TRUE">0</attscale></attr><attr><attrlabl Sync="TRUE">Basin</attrlabl><attalias Sync="TRUE">Basin</attalias><attrtype Sync="TRUE">String</attrtype><attwidth Sync="TRUE">3</attwidth><atprecis Sync="TRUE">0</atprecis><attscale Sync="TRUE">0</attscale></attr><attr><attrlabl Sync="TRUE">Number_</attrlabl><attalias Sync="TRUE">Number_</attalias><attrtype Sync="TRUE">String</attrtype><attwidth Sync="TRUE">5</attwidth><atprecis Sync="TRUE">0</atprecis><attscale Sync="TRUE">0</attscale></attr><attr><attrlabl Sync="TRUE">Suffix</attrlabl><attalias Sync="TRUE">Suffix</attalias><attrtype Sync="TRUE">String</attrtype><attwidth Sync="TRUE">5</attwidth><atprecis Sync="TRUE">0</atprecis><attscale Sync="TRUE">0</attscale></attr><attr><attrlabl Sync="TRUE">Meter_type</attrlabl><attalias Sync="TRUE">Meter_type</attalias><attrtype Sync="TRUE">String</attrtype><attwidth Sync="TRUE">50</attwidth><atprecis Sync="TRUE">0</atprecis><attscale Sync="TRUE">0</attscale></attr><attr><attrlabl Sync="TRUE">Meter_stat</attrlabl><attalias Sync="TRUE">Meter_stat</attalias><attrtype Sync="TRUE">String</attrtype><attwidth Sync="TRUE">50</attwidth><atprecis Sync="TRUE">0</atprecis><attscale Sync="TRUE">0</attscale></attr><attr><attrlabl Sync="TRUE">Percent_pr</attrlabl><attalias Sync="TRUE">Percent_pr</attalias><attrtype Sync="TRUE">SmallInteger</attrtype><attwidth Sync="TRUE">2</attwidth><atprecis Sync="TRUE">0</atprecis><attscale Sync="TRUE">0</attscale></attr><attr><attrlabl Sync="TRUE">Jurisdicti</attrlabl><attalias Sync="TRUE">Jurisdicti</attalias><attrtype Sync="TRUE">String</attrtype><attwidth Sync="TRUE">50</attwidth><atprecis Sync="TRUE">0</atprecis><attscale Sync="TRUE">0</attscale></attr><attr><attrlabl Sync="TRUE">Latitude</attrlabl><attalias Sync="TRUE">Latitude</attalias><attrtype Sync="TRUE">String</attrtype><attwidth Sync="TRUE">50</attwidth><atprecis Sync="TRUE">0</atprecis><attscale Sync="TRUE">0</attscale></attr><attr><attrlabl Sync="TRUE">Longitude</attrlabl><attalias Sync="TRUE">Longitude</attalias><attrtype Sync="TRUE">String</attrtype><attwidth Sync="TRUE">50</attwidth><atprecis Sync="TRUE">0</atprecis><attscale Sync="TRUE">0</attscale></attr><attr><attrlabl Sync="TRUE">lat_ddd</attrlabl><attalias Sync="TRUE">lat_ddd</attalias><attrtype Sync="TRUE">Double</attrtype><attwidth Sync="TRUE">8</attwidth><atprecis Sync="TRUE">0</atprecis><attscale Sync="TRUE">0</attscale></attr><attr><attrlabl Sync="TRUE">long_ddd</attrlabl><attalias Sync="TRUE">long_ddd</attalias><attrtype Sync="TRUE">Double</attrtype><attwidth Sync="TRUE">8</attwidth><atprecis Sync="TRUE">0</atprecis><attscale Sync="TRUE">0</attscale></attr><attr><attrlabl Sync="TRUE">SW_or_GW</attrlabl><attalias Sync="TRUE">SW_or_GW</attalias><attrtype Sync="TRUE">String</attrtype><attwidth Sync="TRUE">50</attwidth><atprecis Sync="TRUE">0</atprecis><attscale Sync="TRUE">0</attscale></attr></detailed></eainfo><mdDateSt Sync="TRUE">20160808</mdDateSt></metadata>
